수집시각,순위,제목,저자,출판사,링크,이미지URL,이전순위,순위변동
2026-05-30 18:30,1,멜로우TV 팀나빠 1: 나사 빠진 친구들,멜로우TV,학산키즈,https://product.kyobobook.co.kr/detail/S000220095996,https://contents.kyobobook.co.kr/sih/fit-in/458x0/pdt/9791141186210.jpg,1,-
2026-05-30 18:30,2,수빈의 두산 두산의 수빈,정수빈 외,브레인스토어,https://product.kyobobook.co.kr/detail/S000220048913,https://contents.kyobobook.co.kr/sih/fit-in/458x0/pdt/9791169780841.jpg,5,↑3
2026-05-30 18:30,3,참 영원한 성자들의 크신 사랑,김원수,김영사,https://product.kyobobook.co.kr/detail/S000219753420,https://contents.kyobobook.co.kr/sih/fit-in/458x0/pdt/9791173325960.jpg,3,-
2026-05-30 18:30,4,품격 있는 대화를 위한 지식 브리핑,김진,북플레저,https://product.kyobobook.co.kr/detail/S000219732915,https://contents.kyobobook.co.kr/sih/fit-in/458x0/pdt/9791124038413.jpg,4,-
2026-05-30 18:30,5,프로젝트 헤일메리,앤디 위어,알에이치코리아,https://product.kyobobook.co.kr/detail/S000000479333,https://contents.kyobobook.co.kr/sih/fit-in/458x0/pdt/9788925588735.jpg,6,↑1
2026-05-30 18:30,6,리치먼드힐의 이층 버스,이경진,북플레저,https://product.kyobobook.co.kr/detail/S000220097124,https://contents.kyobobook.co.kr/sih/fit-in/458x0/pdt/9791124038499.jpg,7,↑1
2026-05-30 18:30,7,싯다르타,헤르만 헤세,민음사,https://product.kyobobook.co.kr/detail/S000000620195,https://contents.kyobobook.co.kr/sih/fit-in/458x0/pdt/9788937460586.jpg,11,↑4
2026-05-30 18:30,8,흔한남매 22,흔한남매,미래엔아이세움,https://product.kyobobook.co.kr/detail/S000219789843,https://contents.kyobobook.co.kr/sih/fit-in/458x0/pdt/9791175487802.jpg,12,↑4
2026-05-30 18:30,9,AI 이후의 미래 어떻게 될 것인가,제이슨 솅커,더페이지,https://product.kyobobook.co.kr/detail/S000219790863,https://contents.kyobobook.co.kr/sih/fit-in/458x0/pdt/9791194156413.jpg,2,↓7
2026-05-30 18:30,10,니체의 초월자,프리드리히 니체,히읏,https://product.kyobobook.co.kr/detail/S000218278239,https://contents.kyobobook.co.kr/sih/fit-in/458x0/pdt/9791192559100.jpg,10,-
2026-05-30 18:30,11,코스모스,칼 세이건,사이언스북스,https://product.kyobobook.co.kr/detail/S000001290624,https://contents.kyobobook.co.kr/sih/fit-in/458x0/pdt/9788983711892.jpg,9,↓2
2026-05-30 18:30,12,고양이 해결사 깜냥 9: 야구장의 영웅을 찾아라!,홍민정,창비,https://product.kyobobook.co.kr/detail/S000220046592,https://contents.kyobobook.co.kr/sih/fit-in/458x0/pdt/9788936450533.jpg,14,↑2
2026-05-30 18:30,13,안녕이라 그랬어,김애란,문학동네,https://product.kyobobook.co.kr/detail/S000216796615,https://contents.kyobobook.co.kr/sih/fit-in/458x0/pdt/9791141602376.jpg,13,-
2026-05-30 18:30,14,돈의 심리학(50만 부 기념 뉴 에디션),모건 하우절,인플루엔셜,https://product.kyobobook.co.kr/detail/S000218942259,https://contents.kyobobook.co.kr/sih/fit-in/458x0/pdt/9791168343443.jpg,22,↑8
2026-05-30 18:30,15,불안한 날에 니체를 읽는다,프리드리히 니체,필름(Feelm),https://product.kyobobook.co.kr/detail/S000220041675,https://contents.kyobobook.co.kr/sih/fit-in/458x0/pdt/9791124468203.jpg,15,-
2026-05-30 18:30,16,검은 숲을 지나 나를 만나다,천하이센,알토북스,https://product.kyobobook.co.kr/detail/S000220108217,https://contents.kyobobook.co.kr/sih/fit-in/458x0/pdt/9791194655343.jpg,8,↓8
2026-05-30 18:30,17,주식투자 무작정 따라하기(2026),윤재수,길벗,https://product.kyobobook.co.kr/detail/S000219079916,https://contents.kyobobook.co.kr/sih/fit-in/458x0/pdt/9791140716999.jpg,17,-
2026-05-30 18:30,18,스페이스X의 비밀,브래드 버건,미디어숲,https://product.kyobobook.co.kr/detail/S000212997415,https://contents.kyobobook.co.kr/sih/fit-in/458x0/pdt/9791158742195.jpg,16,↓2
2026-05-30 18:30,19,모순,양귀자,쓰다,https://product.kyobobook.co.kr/detail/S000001632467,https://contents.kyobobook.co.kr/sih/fit-in/458x0/pdt/9788998441012.jpg,34,↑15
2026-05-30 18:30,20,EBS 수능완성 영어영역 영어(2026)(2027 수능대비),EBS교육방송 편집부,한국교육방송공사(EBSi),https://product.kyobobook.co.kr/detail/S000219976174,https://contents.kyobobook.co.kr/sih/fit-in/458x0/pdt/9791143600523.jpg,23,↑3
2026-05-30 18:30,21,백지 앞에서,최은영,문학동네,https://product.kyobobook.co.kr/detail/S000219790831,https://contents.kyobobook.co.kr/sih/fit-in/458x0/pdt/9791141603373.jpg,21,-
2026-05-30 18:30,22,말하지 않고 말하기,김정운,21세기북스,https://product.kyobobook.co.kr/detail/S000219862150,https://contents.kyobobook.co.kr/sih/fit-in/458x0/pdt/9791173579721.jpg,20,↓2
2026-05-30 18:30,23,집중력 천재 잠자는 뇌를 깨워라,개러스 무어,미디어숲,https://product.kyobobook.co.kr/detail/S000061584765,https://contents.kyobobook.co.kr/sih/fit-in/458x0/pdt/9791158741617.jpg,18,↓5
2026-05-30 18:30,24,포켓몬 생태도감,요네하라 요시나리,대원씨아이,https://product.kyobobook.co.kr/detail/S000219812430,https://contents.kyobobook.co.kr/sih/fit-in/458x0/pdt/9791142350283.jpg,27,↑3
2026-05-30 18:30,25,자몽살구클럽,한로로,어센틱,https://product.kyobobook.co.kr/detail/S000217089705,https://contents.kyobobook.co.kr/sih/fit-in/458x0/pdt/9791199305304.jpg,39,↑14
2026-05-30 18:30,26,박곰희 연금 부자 수업(25만 부 기념 리미티드 에디션),박곰희,인플루엔셜,https://product.kyobobook.co.kr/detail/S000216900602,https://contents.kyobobook.co.kr/sih/fit-in/458x0/pdt/9791168342941.jpg,32,↑6
2026-05-30 18:30,27,수족관,유래혁,포스터샵,https://product.kyobobook.co.kr/detail/S000211748790,https://contents.kyobobook.co.kr/sih/fit-in/458x0/pdt/9791198547514.jpg,30,↑3
2026-05-30 18:30,28,기억력 천재 게으른 뇌를 깨워라,개러스 무어,미디어숲,https://product.kyobobook.co.kr/detail/S000061352173,https://contents.kyobobook.co.kr/sih/fit-in/458x0/pdt/9791158741570.jpg,25,↓3
2026-05-30 18:30,29,설민석의 한국사 대모험 37,설민석 외,단꿈아이,https://product.kyobobook.co.kr/detail/S000220052134,https://contents.kyobobook.co.kr/sih/fit-in/458x0/pdt/9791194616634.jpg,36,↑7
2026-05-30 18:30,30,다크 심리학(20만 부 한정판 스페셜 에디션),다크 사이드 프로젝트,어센딩,https://product.kyobobook.co.kr/detail/S000217115740,https://contents.kyobobook.co.kr/sih/fit-in/458x0/pdt/9791198754080.jpg,19,↓11
2026-05-30 18:30,31,내면 근력,짐 머피,윌북,https://product.kyobobook.co.kr/detail/S000219550327,https://contents.kyobobook.co.kr/sih/fit-in/458x0/pdt/9791155819227.jpg,28,↓3
2026-05-30 18:30,32,진보를 위한 주식투자,이광수,21세기북스,https://product.kyobobook.co.kr/detail/S000218751567,https://contents.kyobobook.co.kr/sih/fit-in/458x0/pdt/9791173576577.jpg,24,↓8
2026-05-30 18:30,33,캐릭캐릭 체인지! Jewel Joker 3,PEACH-PIT,서울미디어코믹스(서울문화사),https://product.kyobobook.co.kr/detail/S000220102137,https://contents.kyobobook.co.kr/sih/fit-in/458x0/pdt/9791142819674.jpg,35,↑2
2026-05-30 18:30,34,"의사 어벤저스 26: 척추 질환, 바르게 행동하라!",고희정,가나출판사,https://product.kyobobook.co.kr/detail/S000219973369,https://contents.kyobobook.co.kr/sih/fit-in/458x0/pdt/9791168091573.jpg,37,↑3
2026-05-30 18:30,35,제미나이 주식투자,조성호,길벗,https://product.kyobobook.co.kr/detail/S000219570322,https://contents.kyobobook.co.kr/sih/fit-in/458x0/pdt/9791140718368.jpg,42,↑7
2026-05-30 18:30,36,100발 100중 중등 수학 2-1 기말고사 기출문제집(2026),에듀원 편집부,에듀원,https://product.kyobobook.co.kr/detail/S000219346470,https://contents.kyobobook.co.kr/sih/fit-in/458x0/pdt/9791176090117.jpg,29,↓7
2026-05-30 18:30,37,염승환의 ETF 완전 정복,염승환,한스미디어,https://product.kyobobook.co.kr/detail/S000219917457,https://contents.kyobobook.co.kr/sih/fit-in/458x0/pdt/9791124272336.jpg,31,↓6
2026-05-30 18:30,38,바다에서 온 소년,개럿 카,북파머스,https://product.kyobobook.co.kr/detail/S000219513807,https://contents.kyobobook.co.kr/sih/fit-in/458x0/pdt/9791124038338.jpg,38,-
2026-05-30 18:30,39,데미안,헤르만 헤세,민음사,https://product.kyobobook.co.kr/detail/S000000620181,https://contents.kyobobook.co.kr/sih/fit-in/458x0/pdt/9788937460449.jpg,26,↓13
2026-05-30 18:30,40,카구라바치 10: 검사들,Takeru Hokazono,대원씨아이,https://product.kyobobook.co.kr/detail/S000220040164,https://contents.kyobobook.co.kr/sih/fit-in/458x0/pdt/9791142352607.jpg,40,-
2026-05-30 18:30,41,제17회 젊은작가상 수상작품집(2026),김채원 외,문학동네,https://product.kyobobook.co.kr/detail/S000219615731,https://contents.kyobobook.co.kr/sih/fit-in/458x0/pdt/9791141603250.jpg,43,↑2
2026-05-30 18:30,42,EBS 수능완성 수학영역 수학1·수학2·미적분(2026)(2027 수능대비),EBS교육방송 편집부,한국교육방송공사(EBSi),https://product.kyobobook.co.kr/detail/S000219976178,https://contents.kyobobook.co.kr/sih/fit-in/458x0/pdt/9791143600547.jpg,45,↑3
2026-05-30 18:30,43,인생을 위한 최소한의 생각,신영준 외,상상스퀘어,https://product.kyobobook.co.kr/detail/S000219182450,https://contents.kyobobook.co.kr/sih/fit-in/458x0/pdt/9791124248171.jpg,46,↑3
2026-05-30 18:30,44,ETS 토익 정기시험 기출문제집 1000 Vol 5 LC,ETS,YBM,https://product.kyobobook.co.kr/detail/S000218791156,https://contents.kyobobook.co.kr/sih/fit-in/458x0/pdt/9788917243796.jpg,44,-
2026-05-30 18:30,45,향기로운 꽃은 늠름하게 핀다 20,Saka Mikami,대원씨아이,https://product.kyobobook.co.kr/detail/S000220035608,https://contents.kyobobook.co.kr/sih/fit-in/458x0/pdt/9791142352010.jpg,77,↑32
2026-05-30 18:30,46,처음 읽는 삼국지 4: 충절의 천 리 길,이문열,미래엔아이세움,https://product.kyobobook.co.kr/detail/S000219713533,https://contents.kyobobook.co.kr/sih/fit-in/458x0/pdt/9791175487635.jpg,53,↑7
2026-05-30 18:30,47,다정한 사람이 이긴다(스페셜 양장 리커버판),이해인,필름(Feelm),https://product.kyobobook.co.kr/detail/S000219654405,https://contents.kyobobook.co.kr/sih/fit-in/458x0/pdt/9791124468050.jpg,54,↑7
2026-05-30 18:30,48,100발 100중 중등 영어 기출문제집 2-1 기말고사(동아 윤정미)(2026),에듀원 편집부,에듀원,https://product.kyobobook.co.kr/detail/S000219605109,https://contents.kyobobook.co.kr/sih/fit-in/458x0/pdt/9791176090124.jpg,49,↑1
2026-05-30 18:30,49,부처님 말씀대로 살아보니,토니 페르난도,윌마,https://product.kyobobook.co.kr/detail/S000219145799,https://contents.kyobobook.co.kr/sih/fit-in/458x0/pdt/9791199496651.jpg,47,↓2
2026-05-30 18:30,50,"2026 큰별쌤 최태성의 별별한국사 한국사능력검정시험 심화(1,2,3급)(하)",최태성,이투스북,https://product.kyobobook.co.kr/detail/S000218674985,https://contents.kyobobook.co.kr/sih/fit-in/458x0/pdt/9791138934442.jpg,57,↑7
2026-05-30 18:30,51,"2026 큰별쌤 최태성의 별별한국사 한국사능력검정시험 심화(1,2,3급)(상)",최태성,이투스북,https://product.kyobobook.co.kr/detail/S000218674965,https://contents.kyobobook.co.kr/sih/fit-in/458x0/pdt/9791138934428.jpg,70,↑19
2026-05-30 18:30,52,혼모노,성해나,창비,https://product.kyobobook.co.kr/detail/S000216111714,https://contents.kyobobook.co.kr/sih/fit-in/458x0/pdt/9788936439743.jpg,,NEW
2026-05-30 18:30,53,100발 100중 중등 수학 3-1 기말고사 기출문제집(2026),에듀원 편집부,에듀원,https://product.kyobobook.co.kr/detail/S000216308002,https://contents.kyobobook.co.kr/sih/fit-in/458x0/pdt/9791165758271.jpg,33,↓20
2026-05-30 18:30,54,급류,정대건,민음사,https://product.kyobobook.co.kr/detail/S000200550189,https://contents.kyobobook.co.kr/sih/fit-in/458x0/pdt/9788937473401.jpg,61,↑7
2026-05-30 18:30,55,오투 중학 과학 3-2(2026),비상교육 편집부,비상교육,https://product.kyobobook.co.kr/detail/S000219071613,https://contents.kyobobook.co.kr/sih/fit-in/458x0/pdt/9791173166891.jpg,55,-
2026-05-30 18:30,56,소피의 세계,요슈타인 가아더,현암사,https://product.kyobobook.co.kr/detail/S000218935500,https://contents.kyobobook.co.kr/sih/fit-in/458x0/pdt/9788932324494.jpg,87,↑31
2026-05-30 18:30,57,괴테는 모든 것을 말했다,스즈키 유이,리프,https://product.kyobobook.co.kr/detail/S000218438100,https://contents.kyobobook.co.kr/sih/fit-in/458x0/pdt/9791194530701.jpg,58,↑1
2026-05-30 18:30,58,입이 트이는 영어 (EBS 방송교재 2026년 6월),EBS한국교육방송공사,,https://ebook-product.kyobobook.co.kr/dig/epd/ebook/E000013043304,https://contents.kyobobook.co.kr/sih/fit-in/458x0/pdt/480N260505800.jpg,95,↑37
2026-05-30 18:30,59,골프 스윙의 정석,김민준,모티브,https://product.kyobobook.co.kr/detail/S000220110931,https://contents.kyobobook.co.kr/sih/fit-in/458x0/pdt/9791124370674.jpg,51,↓8
2026-05-30 18:30,60,문워크,마이클 잭슨 외,미르북컴퍼니(미르북스),https://product.kyobobook.co.kr/detail/S000219931130,https://contents.kyobobook.co.kr/sih/fit-in/458x0/pdt/9791175244436.jpg,,NEW
2026-05-30 18:30,61,마이 가디언 5,이재문,이지북,https://product.kyobobook.co.kr/detail/S000220096200,https://contents.kyobobook.co.kr/sih/fit-in/458x0/pdt/9791124035337.jpg,76,↑15
2026-05-30 18:30,62,불가항력의 I Love You 8,Mizuki Hoshino,서울미디어코믹스(서울문화사),https://product.kyobobook.co.kr/detail/S000220048989,https://contents.kyobobook.co.kr/sih/fit-in/458x0/pdt/9791142819339.jpg,,NEW
2026-05-30 18:30,63,타키 포오 코믹 어드벤처 11,캐릭온TV,대원키즈,https://product.kyobobook.co.kr/detail/S000219975378,https://contents.kyobobook.co.kr/sih/fit-in/458x0/pdt/9791142352638.jpg,65,↑2
2026-05-30 18:30,64,EBS 수능완성 국어영역 독서·문학·화법과 작문(2026)(2027 수능대비),EBS교육방송 편집부,한국교육방송공사(EBSi),https://product.kyobobook.co.kr/detail/S000219976173,https://contents.kyobobook.co.kr/sih/fit-in/458x0/pdt/9791143600509.jpg,64,-
2026-05-30 18:30,65,EBS 수능완성 과학탐구영역 생명과학1(2026)(2027 수능대비),EBS교육방송 편집부,한국교육방송공사(EBSi),https://product.kyobobook.co.kr/detail/S000219976192,https://contents.kyobobook.co.kr/sih/fit-in/458x0/pdt/9791143600677.jpg,98,↑33
2026-05-30 18:30,66,구멍청,백희나,스토리보울,https://product.kyobobook.co.kr/detail/S000219852778,https://contents.kyobobook.co.kr/sih/fit-in/458x0/pdt/9791194344438.jpg,80,↑14
2026-05-30 18:30,67,다크 심리학 2,다크 사이드 프로젝트,어센딩,https://product.kyobobook.co.kr/detail/S000219545519,https://contents.kyobobook.co.kr/sih/fit-in/458x0/pdt/9791198754097.jpg,41,↓26
2026-05-30 18:30,68,처음 읽는 그리스 로마 신화 14: 돌아온 오디세우스,최설희,미래엔아이세움,https://product.kyobobook.co.kr/detail/S000219513739,https://contents.kyobobook.co.kr/sih/fit-in/458x0/pdt/9791175487444.jpg,50,↓18
2026-05-30 18:30,69,무례한 세상에서 나를 지키는 법,발타자르 그라시안,논픽션,https://product.kyobobook.co.kr/detail/S000219450826,https://contents.kyobobook.co.kr/sih/fit-in/458x0/pdt/9791199489530.jpg,68,↓1
2026-05-30 18:30,70,나의 완벽한 장례식,조현선,북로망스,https://product.kyobobook.co.kr/detail/S000218969272,https://contents.kyobobook.co.kr/sih/fit-in/458x0/pdt/9791124038192.jpg,48,↓22
2026-05-30 18:30,71,돈의 방정식,모건 하우절,서삼독,https://product.kyobobook.co.kr/detail/S000218941425,https://contents.kyobobook.co.kr/sih/fit-in/458x0/pdt/9791193904671.jpg,85,↑14
2026-05-30 18:30,72,너를 아끼며 살아라,나태주,더블북,https://product.kyobobook.co.kr/detail/S000216730154,https://contents.kyobobook.co.kr/sih/fit-in/458x0/pdt/9791193153710.jpg,,NEW
2026-05-30 18:30,73,일품 중등 수학 1-2 578제(2026),홍범준 외,좋은책신사고,https://product.kyobobook.co.kr/detail/S000215064183,https://contents.kyobobook.co.kr/sih/fit-in/458x0/pdt/9788928350186.jpg,71,↓2
2026-05-30 18:30,74,기본 수학의 정석 공통수학2(2026),홍성대,성지출판,https://product.kyobobook.co.kr/detail/S000213220753,https://contents.kyobobook.co.kr/sih/fit-in/458x0/pdt/9791156200437.jpg,,NEW
2026-05-30 18:30,75,개념원리 중학 수학 1-1(2026),개념원리 수학연구소,개념원리,https://product.kyobobook.co.kr/detail/S000208597242,https://contents.kyobobook.co.kr/sih/fit-in/458x0/pdt/9788961339858.jpg,72,↓3
2026-05-30 18:30,76,"Indestructibles: Baby, Let's Eat!",Workman Publishing,Workman,https://product.kyobobook.co.kr/detail/S000003325329,https://contents.kyobobook.co.kr/sih/fit-in/458x0/pdt/9781523502073.jpg,92,↑16
2026-05-30 18:30,77,체호프 단편선,안톤 체호프,민음사,https://product.kyobobook.co.kr/detail/S000000620207,https://contents.kyobobook.co.kr/sih/fit-in/458x0/pdt/9788937460708.jpg,62,↓15
2026-05-30 18:30,78,단어의 쓸모,차민진,21세기북스,https://product.kyobobook.co.kr/detail/S000220096592,https://contents.kyobobook.co.kr/sih/fit-in/458x0/pdt/9791176610025.jpg,63,↓15
2026-05-30 18:30,79,어쩔뚱땡! 고구마머리TV 12: 고산 지대 히말라야 탈출 작전!,고구마머리TV,아울북,https://product.kyobobook.co.kr/detail/S000220093305,https://contents.kyobobook.co.kr/sih/fit-in/458x0/pdt/9791173574580.jpg,97,↑18
2026-05-30 18:30,80,에그박사 18,에그박사,미래엔아이세움,https://product.kyobobook.co.kr/detail/S000219732317,https://contents.kyobobook.co.kr/sih/fit-in/458x0/pdt/9791175487598.jpg,,NEW
2026-05-30 18:30,81,완벽한 원시인,자청,필로틱,https://product.kyobobook.co.kr/detail/S000219310977,https://contents.kyobobook.co.kr/sih/fit-in/458x0/pdt/9791199383074.jpg,84,↑3
2026-05-30 18:30,82,EBS 수능특강 국어영역 독서(2026)(2027 수능대비),EBS교육방송 편집부,한국교육방송공사(EBSi),https://product.kyobobook.co.kr/detail/S000218967764,https://contents.kyobobook.co.kr/sih/fit-in/458x0/pdt/9788954798143.jpg,69,↓13
2026-05-30 18:30,83,ETS 토익 정기시험 기출문제집 1000 Vol 5 RC,ETS,YBM,https://product.kyobobook.co.kr/detail/S000218791163,https://contents.kyobobook.co.kr/sih/fit-in/458x0/pdt/9788917243802.jpg,56,↓27
2026-05-30 18:30,84,자본주의 시대에서 살아남기 위한 최소한의 경제 공부,백억남(김욱현),하이스트,https://product.kyobobook.co.kr/detail/S000218687476,https://contents.kyobobook.co.kr/sih/fit-in/458x0/pdt/9791193282533.jpg,,NEW
2026-05-30 18:30,85,100발 100중 중등 영어 3-1 기말고사 기출문제집(동아 윤정미)(2026),에듀원 편집부,에듀원,https://product.kyobobook.co.kr/detail/S000216328286,https://contents.kyobobook.co.kr/sih/fit-in/458x0/pdt/9791165757908.jpg,59,↓26
2026-05-30 18:30,86,쎈 중등 수학 3-1(2027),홍범준 외,좋은책신사고,https://product.kyobobook.co.kr/detail/S000215529286,https://contents.kyobobook.co.kr/sih/fit-in/458x0/pdt/9788928349364.jpg,,NEW
2026-05-30 18:30,87,미래엔 교과서 중학 역사1 평가문제집(2026),미래엔콘텐츠연구회,미래엔,https://product.kyobobook.co.kr/detail/S000215617707,https://contents.kyobobook.co.kr/sih/fit-in/458x0/pdt/9791173119613.jpg,,NEW
2026-05-30 18:30,88,마션(스페셜 에디션),앤디 위어,알에이치코리아,https://product.kyobobook.co.kr/detail/S000000479326,https://contents.kyobobook.co.kr/sih/fit-in/458x0/pdt/9788925588650.jpg,90,↑2
2026-05-30 18:30,89,돈의 속성(400쇄 리커버에디션),김승호,스노우폭스북스,https://product.kyobobook.co.kr/detail/S000001913217,https://contents.kyobobook.co.kr/sih/fit-in/458x0/pdt/9791188331796.jpg,91,↑2
2026-05-30 18:30,90,불안(리커버:K),알랭 드 보통,은행나무,https://product.kyobobook.co.kr/detail/S000000828225,https://contents.kyobobook.co.kr/sih/fit-in/458x0/pdt/9788956605593.jpg,94,↑4
2026-05-30 18:30,91,브람스를 좋아하세요,프랑수아즈 사강,민음사,https://product.kyobobook.co.kr/detail/S000000620316,https://contents.kyobobook.co.kr/sih/fit-in/458x0/pdt/9788937461798.jpg,74,↓17
2026-05-30 18:30,92,POWER ENGLISH (EBS 방송교재 2026년 6월),EBS한국교육방송공사,,https://ebook-product.kyobobook.co.kr/dig/epd/ebook/E000013043310,https://contents.kyobobook.co.kr/sih/fit-in/458x0/pdt/480N260506000.jpg,,NEW
2026-05-30 18:30,93,다시 만난 세계,김희교,푸른숲,https://product.kyobobook.co.kr/detail/S000220106343,https://contents.kyobobook.co.kr/sih/fit-in/458x0/pdt/9791172541262.jpg,52,↓41
2026-05-30 18:30,94,캐릭캐릭 체인지! Jewel Joker 3(특장판),PEACH-PIT,서울미디어코믹스(서울문화사),https://product.kyobobook.co.kr/detail/S000220102143,https://contents.kyobobook.co.kr/sih/fit-in/458x0/pdt/9791142819711.jpg,78,↓16
2026-05-30 18:30,95,EBS 수능완성 수학영역 수학1·수학2·확률과 통계(2026)(2027 수능대비),EBS교육방송 편집부,한국교육방송공사(EBSi),https://product.kyobobook.co.kr/detail/S000219976176,https://contents.kyobobook.co.kr/sih/fit-in/458x0/pdt/9791143600530.jpg,,NEW
2026-05-30 18:30,96,실전 한국어,문지혁,민음사,https://product.kyobobook.co.kr/detail/S000220049153,https://contents.kyobobook.co.kr/sih/fit-in/458x0/pdt/9788937477430.jpg,,NEW
2026-05-30 18:30,97,EBS 수능완성 과학탐구영역 지구과학1(2026)(2027 수능대비),EBS교육방송 편집부,한국교육방송공사(EBSi),https://product.kyobobook.co.kr/detail/S000219976193,https://contents.kyobobook.co.kr/sih/fit-in/458x0/pdt/9791143600684.jpg,,NEW
2026-05-30 18:30,98,웨딩 피플,앨리슨 에스파흐,북로망스,https://product.kyobobook.co.kr/detail/S000219930109,https://contents.kyobobook.co.kr/sih/fit-in/458x0/pdt/9791124038437.jpg,,NEW
2026-05-30 18:30,99,"AI 버블, 반도체 실전 투자법",이형수,지베르니,https://product.kyobobook.co.kr/detail/S000219811434,https://contents.kyobobook.co.kr/sih/fit-in/458x0/pdt/9791124102039.jpg,,NEW
